model,iou,f1,precision,recall,params_m,inference_time_ms
deeplabv3plus,0.5844980488720827,0.737770608591134,0.7177779504898708,0.7589089201510386,8.977905,0.3419206739990841
