model,iou,f1,precision,recall,params_m,inference_time_ms
deeplabv3plus,0.5995430741992477,0.74964291975511,0.7847534161045885,0.7175396315127217,8.977905,0.5283310740012439
