model,iou,f1,precision,recall,params_m,inference_time_ms
unet,0.5749898458970444,0.7301505383783938,0.7449102059651591,0.7159644131831568,31.045249,1.4787205863394774
