model,iou,f1,precision,recall,params_m,inference_time_ms
unet,0.5665912301590484,0.723342778049466,0.743996737974156,0.7038045947230498,31.045249,0.40075541399801295
