model,iou,f1,precision,recall,params_m,inference_time_ms
segformer,0.5222353739378679,0.6861427333461753,0.7049326944740337,0.6683284666149678,3.719105,150.60599782690406
