model,iou,f1,precision,recall,params_m,inference_time_ms
segformer,0.45546390701958683,0.6258676718488998,0.7444319936518816,0.5398817082200894,3.719105,10.137352905994703
